-- phpMyAdmin SQL Dump
-- version 5.0.2
-- https://www.phpmyadmin.net/
--
-- Host: 127.0.0.1
-- Generation Time: May 09, 2021 at 01:44 PM
-- Server version: 10.4.13-MariaDB
-- PHP Version: 7.4.8

SET SQL_MODE = "NO_AUTO_VALUE_ON_ZERO";
START TRANSACTION;
SET time_zone = "+00:00";


/*!40101 SET @OLD_CHARACTER_SET_CLIENT=@@CHARACTER_SET_CLIENT */;
/*!40101 SET @OLD_CHARACTER_SET_RESULTS=@@CHARACTER_SET_RESULTS */;
/*!40101 SET @OLD_COLLATION_CONNECTION=@@COLLATION_CONNECTION */;
/*!40101 SET NAMES utf8mb4 */;

--
-- Database: `go_lodger`
--

-- --------------------------------------------------------

--
-- Table structure for table `advertisers`
--

CREATE TABLE `advertisers` (
  `id` int(10) UNSIGNED NOT NULL,
  `name` varchar(191) COLLATE utf8mb4_unicode_ci NOT NULL,
  `created_at` timestamp NULL DEFAULT NULL,
  `updated_at` timestamp NULL DEFAULT NULL
) ENGINE=InnoDB DEFAULT CHARSET=utf8mb4 COLLATE=utf8mb4_unicode_ci;

--
-- Dumping data for table `advertisers`
--

INSERT INTO `advertisers` (`id`, `name`, `created_at`, `updated_at`) VALUES
(1, 'adv 1', NULL, NULL),
(2, 'adv 2', NULL, NULL);

-- --------------------------------------------------------

--
-- Table structure for table `failed_jobs`
--

CREATE TABLE `failed_jobs` (
  `id` bigint(20) UNSIGNED NOT NULL,
  `connection` text COLLATE utf8mb4_unicode_ci NOT NULL,
  `queue` text COLLATE utf8mb4_unicode_ci NOT NULL,
  `payload` longtext COLLATE utf8mb4_unicode_ci NOT NULL,
  `exception` longtext COLLATE utf8mb4_unicode_ci NOT NULL,
  `failed_at` timestamp NOT NULL DEFAULT current_timestamp()
) ENGINE=InnoDB DEFAULT CHARSET=utf8mb4 COLLATE=utf8mb4_unicode_ci;

-- --------------------------------------------------------

--
-- Table structure for table `hotels`
--

CREATE TABLE `hotels` (
  `id` int(10) UNSIGNED NOT NULL,
  `name` varchar(191) COLLATE utf8mb4_unicode_ci NOT NULL,
  `stars` double(8,2) NOT NULL DEFAULT 1.00,
  `created_at` timestamp NULL DEFAULT NULL,
  `updated_at` timestamp NULL DEFAULT NULL
) ENGINE=InnoDB DEFAULT CHARSET=utf8mb4 COLLATE=utf8mb4_unicode_ci;

--
-- Dumping data for table `hotels`
--

INSERT INTO `hotels` (`id`, `name`, `stars`, `created_at`, `updated_at`) VALUES
(1, 'Hotel A', 4.00, NULL, NULL),
(2, 'Hotel B', 5.00, NULL, NULL);

-- --------------------------------------------------------

--
-- Table structure for table `hotel_rooms`
--

CREATE TABLE `hotel_rooms` (
  `id` int(10) UNSIGNED NOT NULL,
  `hotel_id` bigint(20) NOT NULL,
  `room_id` bigint(20) NOT NULL,
  `created_at` timestamp NULL DEFAULT NULL,
  `updated_at` timestamp NULL DEFAULT NULL
) ENGINE=InnoDB DEFAULT CHARSET=utf8mb4 COLLATE=utf8mb4_unicode_ci;

--
-- Dumping data for table `hotel_rooms`
--

INSERT INTO `hotel_rooms` (`id`, `hotel_id`, `room_id`, `created_at`, `updated_at`) VALUES
(1, 1, 1, NULL, NULL),
(2, 1, 2, NULL, NULL),
(3, 1, 3, NULL, NULL),
(4, 2, 5, NULL, NULL),
(5, 2, 2, NULL, NULL);

-- --------------------------------------------------------

--
-- Table structure for table `migrations`
--

CREATE TABLE `migrations` (
  `id` int(10) UNSIGNED NOT NULL,
  `migration` varchar(191) COLLATE utf8mb4_unicode_ci NOT NULL,
  `batch` int(11) NOT NULL
) ENGINE=InnoDB DEFAULT CHARSET=utf8mb4 COLLATE=utf8mb4_unicode_ci;

--
-- Dumping data for table `migrations`
--

INSERT INTO `migrations` (`id`, `migration`, `batch`) VALUES
(1, '2014_10_12_000000_create_users_table', 1),
(2, '2014_10_12_100000_create_password_resets_table', 1),
(3, '2016_06_01_000001_create_oauth_auth_codes_table', 1),
(4, '2016_06_01_000002_create_oauth_access_tokens_table', 1),
(5, '2016_06_01_000003_create_oauth_refresh_tokens_table', 1),
(6, '2016_06_01_000004_create_oauth_clients_table', 1),
(7, '2016_06_01_000005_create_oauth_personal_access_clients_table', 1),
(8, '2019_08_19_000000_create_failed_jobs_table', 1),
(9, '2021_05_08_021322_create_advertisers_table', 1),
(10, '2021_05_08_021322_create_hotel_rooms_table', 1),
(11, '2021_05_08_021322_create_hotels_table', 1),
(12, '2021_05_08_021322_create_room_prices_table', 1),
(13, '2021_05_08_021322_create_rooms_table', 1),
(14, '2021_05_08_021322_create_taxes_table', 1);

-- --------------------------------------------------------

--
-- Table structure for table `oauth_access_tokens`
--

CREATE TABLE `oauth_access_tokens` (
  `id` varchar(100) COLLATE utf8mb4_unicode_ci NOT NULL,
  `user_id` bigint(20) UNSIGNED DEFAULT NULL,
  `client_id` bigint(20) UNSIGNED NOT NULL,
  `name` varchar(191) COLLATE utf8mb4_unicode_ci DEFAULT NULL,
  `scopes` text COLLATE utf8mb4_unicode_ci DEFAULT NULL,
  `revoked` tinyint(1) NOT NULL,
  `created_at` timestamp NULL DEFAULT NULL,
  `updated_at` timestamp NULL DEFAULT NULL,
  `expires_at` datetime DEFAULT NULL
) ENGINE=InnoDB DEFAULT CHARSET=utf8mb4 COLLATE=utf8mb4_unicode_ci;

-- --------------------------------------------------------

--
-- Table structure for table `oauth_auth_codes`
--

CREATE TABLE `oauth_auth_codes` (
  `id` varchar(100) COLLATE utf8mb4_unicode_ci NOT NULL,
  `user_id` bigint(20) UNSIGNED NOT NULL,
  `client_id` bigint(20) UNSIGNED NOT NULL,
  `scopes` text COLLATE utf8mb4_unicode_ci DEFAULT NULL,
  `revoked` tinyint(1) NOT NULL,
  `expires_at` datetime DEFAULT NULL
) ENGINE=InnoDB DEFAULT CHARSET=utf8mb4 COLLATE=utf8mb4_unicode_ci;

-- --------------------------------------------------------

--
-- Table structure for table `oauth_clients`
--

CREATE TABLE `oauth_clients` (
  `id` bigint(20) UNSIGNED NOT NULL,
  `user_id` bigint(20) UNSIGNED DEFAULT NULL,
  `name` varchar(191) COLLATE utf8mb4_unicode_ci NOT NULL,
  `secret` varchar(100) COLLATE utf8mb4_unicode_ci DEFAULT NULL,
  `provider` varchar(191) COLLATE utf8mb4_unicode_ci DEFAULT NULL,
  `redirect` text COLLATE utf8mb4_unicode_ci NOT NULL,
  `personal_access_client` tinyint(1) NOT NULL,
  `password_client` tinyint(1) NOT NULL,
  `revoked` tinyint(1) NOT NULL,
  `created_at` timestamp NULL DEFAULT NULL,
  `updated_at` timestamp NULL DEFAULT NULL
) ENGINE=InnoDB DEFAULT CHARSET=utf8mb4 COLLATE=utf8mb4_unicode_ci;

-- --------------------------------------------------------

--
-- Table structure for table `oauth_personal_access_clients`
--

CREATE TABLE `oauth_personal_access_clients` (
  `id` bigint(20) UNSIGNED NOT NULL,
  `client_id` bigint(20) UNSIGNED NOT NULL,
  `created_at` timestamp NULL DEFAULT NULL,
  `updated_at` timestamp NULL DEFAULT NULL
) ENGINE=InnoDB DEFAULT CHARSET=utf8mb4 COLLATE=utf8mb4_unicode_ci;

-- --------------------------------------------------------

--
-- Table structure for table `oauth_refresh_tokens`
--

CREATE TABLE `oauth_refresh_tokens` (
  `id` varchar(100) COLLATE utf8mb4_unicode_ci NOT NULL,
  `access_token_id` varchar(100) COLLATE utf8mb4_unicode_ci NOT NULL,
  `revoked` tinyint(1) NOT NULL,
  `expires_at` datetime DEFAULT NULL
) ENGINE=InnoDB DEFAULT CHARSET=utf8mb4 COLLATE=utf8mb4_unicode_ci;

-- --------------------------------------------------------

--
-- Table structure for table `password_resets`
--

CREATE TABLE `password_resets` (
  `email` varchar(191) COLLATE utf8mb4_unicode_ci NOT NULL,
  `token` varchar(191) COLLATE utf8mb4_unicode_ci NOT NULL,
  `created_at` timestamp NULL DEFAULT NULL
) ENGINE=InnoDB DEFAULT CHARSET=utf8mb4 COLLATE=utf8mb4_unicode_ci;

-- --------------------------------------------------------

--
-- Table structure for table `rooms`
--

CREATE TABLE `rooms` (
  `id` int(10) UNSIGNED NOT NULL,
  `name` varchar(191) COLLATE utf8mb4_unicode_ci NOT NULL,
  `code` varchar(191) COLLATE utf8mb4_unicode_ci NOT NULL,
  `created_at` timestamp NULL DEFAULT NULL,
  `updated_at` timestamp NULL DEFAULT NULL
) ENGINE=InnoDB DEFAULT CHARSET=utf8mb4 COLLATE=utf8mb4_unicode_ci;

--
-- Dumping data for table `rooms`
--

INSERT INTO `rooms` (`id`, `name`, `code`, `created_at`, `updated_at`) VALUES
(1, 'Double or Twin SUPERIOR', 'DBL-TWN', NULL, NULL),
(2, 'HALF BOARD', 'HF-BD', NULL, NULL),
(3, 'Queen Room', 'QN-RM', NULL, NULL),
(4, 'Luxury Room', 'LUX-ROM', NULL, NULL),
(5, 'Double Room', 'DBL-RM', NULL, NULL),
(6, 'Single Room', 'SNG-RM', NULL, NULL);

-- --------------------------------------------------------

--
-- Table structure for table `room_prices`
--

CREATE TABLE `room_prices` (
  `id` int(10) UNSIGNED NOT NULL,
  `net_price` double(8,2) NOT NULL DEFAULT 0.00,
  `total_price` double(8,2) NOT NULL DEFAULT 0.00,
  `hotel_room_id` bigint(20) NOT NULL,
  `adv_id` bigint(20) NOT NULL,
  `created_at` timestamp NULL DEFAULT NULL,
  `updated_at` timestamp NULL DEFAULT NULL
) ENGINE=InnoDB DEFAULT CHARSET=utf8mb4 COLLATE=utf8mb4_unicode_ci;

--
-- Dumping data for table `room_prices`
--

INSERT INTO `room_prices` (`id`, `net_price`, `total_price`, `hotel_room_id`, `adv_id`, `created_at`, `updated_at`) VALUES
(1, 140.00, 152.00, 1, 1, NULL, NULL),
(2, 133.00, 146.00, 2, 1, NULL, NULL),
(3, 150.00, 165.00, 4, 1, NULL, NULL),
(4, 130.00, 143.00, 5, 1, NULL, NULL),
(5, 143.00, 153.00, 1, 2, NULL, NULL),
(6, 131.00, 142.00, 2, 2, NULL, NULL),
(7, 140.00, 156.00, 3, 2, NULL, NULL),
(8, 152.00, 167.00, 4, 2, NULL, NULL),
(9, 133.00, 145.00, 5, 2, NULL, NULL);

-- --------------------------------------------------------

--
-- Table structure for table `taxes`
--

CREATE TABLE `taxes` (
  `id` int(10) UNSIGNED NOT NULL,
  `type` varchar(191) COLLATE utf8mb4_unicode_ci NOT NULL,
  `currency` varchar(191) COLLATE utf8mb4_unicode_ci NOT NULL,
  `amount` double(8,2) NOT NULL DEFAULT 0.00,
  `room_price_id` bigint(20) NOT NULL,
  `created_at` timestamp NULL DEFAULT NULL,
  `updated_at` timestamp NULL DEFAULT NULL
) ENGINE=InnoDB DEFAULT CHARSET=utf8mb4 COLLATE=utf8mb4_unicode_ci;

--
-- Dumping data for table `taxes`
--

INSERT INTO `taxes` (`id`, `type`, `currency`, `amount`, `room_price_id`, `created_at`, `updated_at`) VALUES
(1, 'TAXESANDFEES', 'EUR', 12.00, 1, NULL, NULL),
(2, 'TAXESANDFEES', 'EUR', 13.00, 2, NULL, NULL),
(3, 'TAXESANDFEES', 'EUR', 15.00, 3, NULL, NULL),
(4, 'TAXESANDFEES', 'EUR', 13.00, 4, NULL, NULL),
(5, 'TAXESANDFEES', 'EUR', 10.00, 5, NULL, NULL),
(6, 'TAXESANDFEES', 'EUR', 11.00, 6, NULL, NULL),
(7, 'TAXESANDFEES', 'EUR', 12.00, 7, NULL, NULL),
(8, 'EXTRA_FEES', 'EUR', 4.00, 7, NULL, NULL),
(9, 'TAXESANDFEES', 'EUR', 15.00, 8, NULL, NULL),
(10, 'TAXESANDFEES', 'EUR', 8.00, 9, NULL, NULL),
(11, 'EXTRA_FEES', 'EUR', 4.00, 9, NULL, NULL);

-- --------------------------------------------------------

--
-- Table structure for table `users`
--

CREATE TABLE `users` (
  `id` bigint(20) UNSIGNED NOT NULL,
  `name` varchar(191) COLLATE utf8mb4_unicode_ci NOT NULL,
  `email` varchar(191) COLLATE utf8mb4_unicode_ci NOT NULL,
  `phone` varchar(191) COLLATE utf8mb4_unicode_ci NOT NULL,
  `password` varchar(191) COLLATE utf8mb4_unicode_ci NOT NULL,
  `type` int(11) NOT NULL,
  `image` varchar(191) COLLATE utf8mb4_unicode_ci DEFAULT NULL,
  `status` int(11) NOT NULL DEFAULT 1,
  `description` varchar(191) COLLATE utf8mb4_unicode_ci DEFAULT NULL,
  `email_verified_at` timestamp NULL DEFAULT NULL,
  `remember_token` varchar(100) COLLATE utf8mb4_unicode_ci DEFAULT NULL,
  `created_at` timestamp NULL DEFAULT NULL,
  `updated_at` timestamp NULL DEFAULT NULL
) ENGINE=InnoDB DEFAULT CHARSET=utf8mb4 COLLATE=utf8mb4_unicode_ci;

--
-- Indexes for dumped tables
--

--
-- Indexes for table `advertisers`
--
ALTER TABLE `advertisers`
  ADD PRIMARY KEY (`id`);

--
-- Indexes for table `failed_jobs`
--
ALTER TABLE `failed_jobs`
  ADD PRIMARY KEY (`id`);

--
-- Indexes for table `hotels`
--
ALTER TABLE `hotels`
  ADD PRIMARY KEY (`id`);

--
-- Indexes for table `hotel_rooms`
--
ALTER TABLE `hotel_rooms`
  ADD PRIMARY KEY (`id`);

--
-- Indexes for table `migrations`
--
ALTER TABLE `migrations`
  ADD PRIMARY KEY (`id`);

--
-- Indexes for table `oauth_access_tokens`
--
ALTER TABLE `oauth_access_tokens`
  ADD PRIMARY KEY (`id`),
  ADD KEY `oauth_access_tokens_user_id_index` (`user_id`);

--
-- Indexes for table `oauth_auth_codes`
--
ALTER TABLE `oauth_auth_codes`
  ADD PRIMARY KEY (`id`),
  ADD KEY `oauth_auth_codes_user_id_index` (`user_id`);

--
-- Indexes for table `oauth_clients`
--
ALTER TABLE `oauth_clients`
  ADD PRIMARY KEY (`id`),
  ADD KEY `oauth_clients_user_id_index` (`user_id`);

--
-- Indexes for table `oauth_personal_access_clients`
--
ALTER TABLE `oauth_personal_access_clients`
  ADD PRIMARY KEY (`id`);

--
-- Indexes for table `oauth_refresh_tokens`
--
ALTER TABLE `oauth_refresh_tokens`
  ADD PRIMARY KEY (`id`);

--
-- Indexes for table `password_resets`
--
ALTER TABLE `password_resets`
  ADD KEY `password_resets_email_index` (`email`);

--
-- Indexes for table `rooms`
--
ALTER TABLE `rooms`
  ADD PRIMARY KEY (`id`),
  ADD UNIQUE KEY `rooms_code_unique` (`code`);

--
-- Indexes for table `room_prices`
--
ALTER TABLE `room_prices`
  ADD PRIMARY KEY (`id`);

--
-- Indexes for table `taxes`
--
ALTER TABLE `taxes`
  ADD PRIMARY KEY (`id`);

--
-- Indexes for table `users`
--
ALTER TABLE `users`
  ADD PRIMARY KEY (`id`),
  ADD UNIQUE KEY `users_email_unique` (`email`),
  ADD UNIQUE KEY `users_phone_unique` (`phone`);

--
-- AUTO_INCREMENT for dumped tables
--

--
-- AUTO_INCREMENT for table `advertisers`
--
ALTER TABLE `advertisers`
  MODIFY `id` int(10) UNSIGNED NOT NULL AUTO_INCREMENT, AUTO_INCREMENT=3;

--
-- AUTO_INCREMENT for table `failed_jobs`
--
ALTER TABLE `failed_jobs`
  MODIFY `id` bigint(20) UNSIGNED NOT NULL AUTO_INCREMENT;

--
-- AUTO_INCREMENT for table `hotels`
--
ALTER TABLE `hotels`
  MODIFY `id` int(10) UNSIGNED NOT NULL AUTO_INCREMENT, AUTO_INCREMENT=3;

--
-- AUTO_INCREMENT for table `hotel_rooms`
--
ALTER TABLE `hotel_rooms`
  MODIFY `id` int(10) UNSIGNED NOT NULL AUTO_INCREMENT, AUTO_INCREMENT=6;

--
-- AUTO_INCREMENT for table `migrations`
--
ALTER TABLE `migrations`
  MODIFY `id` int(10) UNSIGNED NOT NULL AUTO_INCREMENT, AUTO_INCREMENT=15;

--
-- AUTO_INCREMENT for table `oauth_clients`
--
ALTER TABLE `oauth_clients`
  MODIFY `id` bigint(20) UNSIGNED NOT NULL AUTO_INCREMENT;

--
-- AUTO_INCREMENT for table `oauth_personal_access_clients`
--
ALTER TABLE `oauth_personal_access_clients`
  MODIFY `id` bigint(20) UNSIGNED NOT NULL AUTO_INCREMENT;

--
-- AUTO_INCREMENT for table `rooms`
--
ALTER TABLE `rooms`
  MODIFY `id` int(10) UNSIGNED NOT NULL AUTO_INCREMENT, AUTO_INCREMENT=7;

--
-- AUTO_INCREMENT for table `room_prices`
--
ALTER TABLE `room_prices`
  MODIFY `id` int(10) UNSIGNED NOT NULL AUTO_INCREMENT, AUTO_INCREMENT=10;

--
-- AUTO_INCREMENT for table `taxes`
--
ALTER TABLE `taxes`
  MODIFY `id` int(10) UNSIGNED NOT NULL AUTO_INCREMENT, AUTO_INCREMENT=12;

--
-- AUTO_INCREMENT for table `users`
--
ALTER TABLE `users`
  MODIFY `id` bigint(20) UNSIGNED NOT NULL AUTO_INCREMENT;
COMMIT;

/*!40101 SET CHARACTER_SET_CLIENT=@OLD_CHARACTER_SET_CLIENT */;
/*!40101 SET CHARACTER_SET_RESULTS=@OLD_CHARACTER_SET_RESULTS */;
/*!40101 SET COLLATION_CONNECTION=@OLD_COLLATION_CONNECTION */;
